Sr No,Name of the article,Generated At,Platform
1,SCAD Jump Rishikesh: Defy Gravity with BUCKETLISTT,2026-05-21 06:11:37,linkedin
2,"Your Essential Rishikesh Adventure Sports Guide: Thrills, Safety, and Unforgettable Experiences",2026-05-21 06:11:37,linkedin
3,Unleash Your Adventure: Discover the Best Multi-Activity Adventure Combos Rishikesh with BUCKETLISTT,2026-05-21 06:11:37,linkedin
4,Journey into Adventure: Bungee Jumping in Rishikesh and Paragliding Thrills,2026-05-22 13:34:04,linkedin
5,BUCKETLISTT: Secure Your Thrilling Bungee Jumping in Rishikesh Adventure,2026-05-22 13:34:04,linkedin
6,Discover the Best Places to Visit in Rishikesh: Your Ultimate Travel Guide,2026-05-22 13:34:05,linkedin
7,Experience the Ultimate <b>Adventure Camping Rishikesh</b> with BUCKETLISTT,2026-05-23 10:15:11,linkedin
8,Conquer the Heights: BUCKETLISTT's 117M Bungee Jumping in Rishikesh,2026-05-23 10:15:11,linkedin
9,Mastering Rishikesh Transport & Getting Around: A Sustainable Traveller's Guide,2026-05-23 10:15:12,linkedin
10,Discovering Rishikesh: Your Essential Guide to <b>Trek & Temple Tours Rishikesh</b> with BUCKETLISTT,2026-05-24 18:58:14,linkedin
11,Experience the Skies: Your Ultimate Hot Air Balloon Rishikesh Adventure with BUCKETLISTT,2026-05-24 18:58:16,linkedin
12,Unveiling Rishikesh's Culinary Heart: A Guide to Rishikesh Food & Local Culture,2026-05-24 18:58:18,linkedin
13,The Ultimate Guide to the Best Restaurants & Cafes in Rishikesh,2026-05-24 18:58:23,linkedin
14,Mastering Risk & Reward: Essential Bungee Jumping Operator Comparisons Rishikesh,2026-05-24 18:58:24,linkedin
15,Emerging Trends Shaping Spiritual & Cultural Rishikesh,2026-05-24 18:58:24,linkedin
